题号,输入Prompt,系统预估难度,真实调用链路,最终总耗时,执行后电量,执行后温度,最终模型回复
Q01,请回复收到,1,qwen-0.5b,1.4011,99.5,35.0,你好！有什么问题需要我帮忙吗？
Q02,你好,1,qwen-0.5b,0.8341,99.0,35.0,你好！有什么可以帮助你的吗？
Q03,1+1等于几,1,qwen-0.5b,0.6542,98.5,35.0,2
Q04,中国的首都是哪里？,1,qwen-0.5b,0.8508,98.0,35.0,中华人民共和国的首都是北京。
Q05,一年有多少天？,1,qwen-0.5b,0.6625,97.5,35.0,一年有365天。
Q06,请简要介绍一下长城的历史意义,3,qwen-1.5b,13.7586,94.5,37.0,长城是中国古代的军事防御工程，始建于春秋战国时期。它起着防备外敌入侵的作用，成为中华民族的重要象征和文化符号。  从明朝开始，长城逐渐成为重要的军事防线。长城在当时发挥了重要作用，保护了中国北方地区免受外来侵略。同时，长城也是中国古代建筑艺术和军事工程技术的杰出代表。  如今，长城已经成为世界文化遗产之一，吸引着全世界的游客前来参观。它不仅具有历史价值和文化价值，也是中华民族优秀传统文化的重要组成部分。
Q07,请将这句话翻译成英语：人工智能正在改变世界,2,llama-1b,1.8179,93.0,37.5,Artificial Intelligence is Changing the World
Q08,什么是操作系统，请用通俗语言总结,3,qwen-1.5b,13.8815,90.0,39.5,操作系统是管理计算机硬件和软件资源的程序，它允许用户与计算机进行交互。就像一个管理员在一家商店里对售货员和其他员工进行管理和调度一样，操作系统管理员（即操作系统）负责管理计算机上的所有硬件和软件资源。  简单来说，操作系统就像是电脑的“管家”，它控制着电脑的各个方面，比如处理、存储和传输数据等任务。操作系统还提供了各种应用程序和服务供用户使用，例如浏览器、电子邮件客户端、文字处理软件等。
Q09,请简述牛顿第一定律,1,qwen-0.5b,4.1194,89.5,39.0,牛顿第三定律，即作用力和反作用力定律。当两个物体相互接触时，在一个物体上施加的力，另一个物体也会同时在该受力物体上产生一个大小相等、方向相反的作用力。
Q10,请解释一下机器学习和深度学习的区别，并给出一个生活中的例子,3,qwen-1.5b,50.4776,86.5,41.0,当然可以。机器学习是一种人工智能领域的技术，它使得计算机能够通过经验自动改进自己的性能。而深度学习则是机器学习的一个分支，特别关注于构建复杂的多层神经网络。  ### 机器学习与深度学习的区别  1. **研究方向**：    - **机器学习**：主要集中在如何让计算机从训练数据中学习规律并使用这些规律来预测或分类新的数据。    - **深度学习**：进一步发展了机器学习，特别是通过使用多层神经网络（即所谓的“深层”），来处理更复杂的数据特征和模式识别问题。  2. **数据类型与处理方式**：    - 机器学习不特别强调对具体类别的学习，它更注重于如何从大量无结构的原始数据中提取有用的模式。    - 深度学习则更加关注处理特定类别或者结构化数据（如图片、语音等）的复杂特征表示。  3. **模型复杂性**：    - 机器学习的模型通常是单一层次的，比如线性回归或聚类分析等。    - 深度学习能够构建具有多个层次和节点的神经网络，每个层次都可以对输入数据进行更复杂的处理。  ### 生活中的例子  #### 机器学习的例子 - **垃圾邮件过滤器**：通过机器学习算法识别常见的垃圾邮件特征（如特定关键词、发件人地址等），从而自动过滤掉大部分垃圾邮件。    #### 深度学习的例子 - **图像识别**：   - 使用深度学习的卷积神经网络（CNN）技术，可以自动从数字图像中提取出关键的视觉信息，并准确地分类和识别图片中的物体。  这些例子展示了机器学习和深度学习在实际应用中的不同特性和优势。
Q11,为什么天空是蓝色的？请从光散射原理角度说明,3,llama-1b,14.2728,85.0,41.5,色泽的变化取决于光线被散出的频率和量。这是因为紫外线（UV）、红外线（IR）和Visible Light（视观色）的不同波长与我们感知到的颜色有关。  光从天空进入地球表面后，通过吸收特定范围的红、蓝和绿色光。由于光从太阳射出的红外线、紫外线和蓝色的光量比蓝色的光量更多，因此大部分被散出去的是这些颜色。  这导致天空看起来是蓝色的，因为我们感知到的最大的颜色是蓝色。
Q12,请比较栈和队列的逻辑差异，并给出典型应用场景,3,llama-1b,55.2966,83.5,42.0,Stack 和队列都是数据结构，分别用于暂存运算数值或记录函数参数（栈是以元组为元素的，队列也是以链式表达式为表示形式的）。下面分别对他们的逻辑差异进行比较：  ### Stack（栈）  Stack是一种 Last-In-First-Out（LIFO）数据结构。即在使用最少时方便地添加上面的元素，而不会添加最后使用的元素。  典型应用场景：Stack通常用于表示运算数值，例如计算器的工作原理。在这种情况下，每次执行一个表达式时，结果将被从 stack 中读出并代入。因此，stack会随着每一次操作的完成而被清空。  ### Queue（队列）  Queue是一种 First-In-First-Out（FIFO）数据结构。即当queue中没有元素则可以添加元素，并且在 queue 中读取结果时也必须从后端到头端读取。  典型应用场景：Queue则是用来实现线性时间的算法，如最小公倍数、求解等。在这种情况下，elements在rear（队尾）中等待被读出，并且先入先出。因此，queue会随着元素的添加而不断增大。  ### 运作原理   Stack：  *   在使用时，每个新元素可以直接加入到栈顶。 *   在操作完成后，栈清空，这样在下一次操作中也能快速地读取结果并继续执行。  Queue：  *   elements 在 rear 中等待被读出。 *   elements 可以通过添加元素并向rear移动（enqueue）来增加元素数量，并且可以通过 deque 进行元素从rear 中获取（dequeue）。 *   由于元素的位置随着每个操作的完成而变化，故会加快速度。  总之，Stack 是一个 LIFO 的数据结构，而 Queue 是一个 FIFO 的数据结构。其中，stack 通常用于实现多线程执行和计算表达式，这是因为它可以直接在工作中添加元素并快速地读出结果；而 queue 在算法类中使用更典型的例子，如最小公倍数或求解等，故其使用更加合适。
Q13,请解释一下 TCP 三次握手的过程和设计原因,3,llama-1b,46.7072,82.0,42.5,TCP三次握手是一种为保证数据在网络中的传输安全性做出的协议，主要用于有连接的服务端（Client）和服务端的连接。该程序是连接建立、发送和关闭的三个步骤，详细解释如下：  1.  **客户端发送一个SYN给Server：** client 在第一次建立连接后，会发送一个“send SYN”信号，告诉Server当前正在尝试通过。这个信号包含了一个随机的标记（用来表示连接标识），和一个源码（指向该程序的具体位置）。server 会回应并生成一个“send ACK”信号，它包含了两个标签：一个用于确认数据包传递安全（ack）和一个标识连接的id（conn id）。 2.  **Server确认客户端的SYN和ACK：** 如果 client 在第一次发送信号后没有收到server 回复，并且不携带ack信号，则 client 必须在两天时间内（这个是tcp三次握手设计中的一个关键特性，用于保证数据包安全性）来重新发送信号。server 会回复并生成一个“send ACK”信号，有时会携带ack信号，以确保client 通过第二次发射的信号，确认该程序可以发送数据包的标识（conn id）。 3.  **客户端与服务端之间建立连接：** 如果 client 在两天时间内都没有收到server 回复，并且不携带ack信号，则 client 可以在第三个阶段，向服务端发送一个“send FIN”信号。这是一个用来结束连接的标记信号。server 会回复并生成一个“send ACK”信号，有时会携带ack信号，以确保client 通过第三次发射的信号，确认该程序可以完成整个连接（此过程是tcp三次握手设计中的一个关键特性）。
Q14,请从算法复杂度角度，比较冒泡排序与快速排序,3,llama-1b,32.9555,80.5,43.0,**冒泡排序** ================  冒泡排序是一种简单、原则性的排序算法，它的时间复杂性为 O(n^2)。  **时间 complexity：**  *   最好cases（n=1）：O(1) *   最差cases（n=2）：O(4) *   平均cases（n=7）：O(6)  **冒泡排序的基本步骤如下：**  1.  将待定的数据序列放入一列中。 2.  对于每个元素，检查若该元素大于或等于其下一个元素，则交换它们。  **快速排序** ================  快速排序是一种多高效、均衡的排序算法，其时间复杂性为 O(n log n)。  **时间 complexity：**  *   最好cases（n=7）：O(4.8) *   最差cases（n=6）：O(6.2) *   平均 cases（n=25）：O(5.0)  **快速排序的基本步骤如下：**  1.  选出最小或最大元素作为根。然后，分隔该元素的所有其他元素。 2.  对于每个元素，检查若该元素大于其下一个元素，则交换它们。  在算法复杂度角度上，快速排序比冒泡排序快多几倍，因此它通常被认为是更优选择。
Q15,请用Python写一个快速排序算法，并解释每一步的原理,3,llama-1b,32.6021,79.0,43.5,"```python def quick_sort(arr):     """"""     快速排序算法     :param arr: 代表待排序列表     :return: 一定有序的列表     """"""     if len(arr) <= 1:         # 如果输入数据小于或等于一项，则直接返回数据         return arr      pivot = arr[len(arr) // 2]     left = [x for x in arr if x < pivot]  # 中间元素的前方     middle = [x for x in arr if x == pivot]  # mid     right = [x for x in arr if x > pivot]  # 右侧元素后方      # 复制中间元素到列表中的末尾，打印结果     print(f""Pivot={pivot}"")     print(f""左边: {left}, 中: {middle}, 右边: {right}"")      # 最后的元素一定是大于 pivot 的元素     result = sorted([x for x in left + middle + right if x < arr[0]])     return result   # 测试一下 arr = [5, 2, 8, 1, 9] print(""快速排序前:"") print(arr) sorted_arr = quick_sort(arr) print(""\n快速排序后:"") print(sorted_arr) ```"
Q16,请证明二分查找的时间复杂度是 O(log n)，并说明推导过程,3,llama-1b,39.0661,77.5,44.0,## 1. 设定问题的背景  二分查找是一种在有序数据集合中的元素查找的方法，其主要目标是将最小和最大值的位置缩放到原始元素数量的一半，时间复杂度为 O(log n)。  ## 2. 分析时间复杂度的概念  二分查找涉及两次对比操作：第一步是确认要找到元素的下表行数（log n），第二步是确定当前位置是否位于原始元素数量的一半。  ## 3. 分析每一步的复杂性  - **第一步：确定下表行数** - 在最优化的二分查找策略中，下表行数最小化为 log n。这是因为每次对比操作需要在较大范围内搜索找到匹配元素，这会导致时间复杂度增加。    - **第二步：确定位置是否位于原始元素数量的一半** - 这一步也依赖于第一步的结果，需要在较大的范围内进行对比。这同样会导致时间复杂度上限为 log n。  ## 4. 总结时间复杂度  由于每次对比操作都需要在较大范围内进行，这意味着二分查找的时间复杂度是 O(log n)，不依赖于输入数据的大小。  ## 5. 确定推导过程的准确性  该问题要求能够精简地描述二分查找时间复杂性的分析，而非提供解释。因此，推导过程中所包含所有细节，尤其是对二分查找原理的理解，是可接受且适合答案要求的。  回答如下：  2
Q17,"请阅读下面代码并解释可能的问题：def foo(x):
    if x > 0:
        return x
    else:
        return None
然后说明如何改进异常处理逻辑",3,llama-1b,48.9942,76.0,44.5,"```python def foo(x):     """"""     Returns the input value if it's greater than 0.      Args:         x: A float number.      Returns:         The input value if x > 0.         None otherwise.     """"""     return x if x > 0 else None ```  异常处理逻辑的问题：  1.  `else` 关 锚：在 Python 中，`else` 关 锚通常用于控制 `if` 语句的后续行为，而不是处理异常情况。 2.  `None` 的值：当计算结果为负数时，函数将返回 None。然而，在这里，我们并不预期这种情况，因为我们只希望给出非零值。如果我们想要在没有负数的情况下提供一个特殊值（例如 Zero），则应该使用 `return ""Zero""` 或 `raise ValueError(""Input value must be positive."")` 等方法来实现。  改进的异常处理逻辑：  ```python def foo(x):     """"""     Returns the input value if it's greater than 0.      Args:         x: A float number.      Returns:         The input value if x > 0.         ""Zero"" when input is negative.         Raises ValueError(""Input value must be positive."") for invalid inputs.      Raises:         ValueError: If input value is not a positive floating point number.     """"""     try:         return x     except TypeError as e:         raise ValueError(f""Invalid input type. Expected float, got {type(e).__name__}"") from e ```  在改进的异常处理逻辑中，我们使用 `try`-`except` 语句来捕获未经预期的异常，例如非数字类型的错误。然后我们通过提供一个适当的错误信息和异常值（""Zero""）来提示用户正确输入。  此外，我们在 `except TypeError` 语句中使用 `from e` 来重新引入异常源，以确保每次抛出异常时，都会得到相同的异常信息。这使得异常处理更统一，并且更容易了解异常发生的原因。"
Q18,请比较 Transformer 和 RNN 在长序列建模上的优劣，并解释为什么注意力机制更适合并行计算,3,llama-1b,67.5157,74.5,45.0,Transformer  &   RNN ================  Transformer 是现代语言 modeling 的经典模型，通过将多个编码器组合在一起，以实现从本地到远端的转换。它是基于Self-Attention 模型的，它采用 Attention Mechanism 来处理输入序列。  RNN (Recurrent Neural Network) 是一种时间序列模型，其中每个输入序列对应于一个单独的输出序列。在 RNN 中，序列可以通过单个单元（ recurrent）对进行处理，这使得它能够很好地处理时间序列中的顺序。  长序列建模： Transformer 和 RNN --------------------  Transformer 的优势在于，它能够处理非常大的输入序列，因为它采用 Attention Mechanism 来处理每个输入序列。它可以同时处理所有的输入，且不会因为无法处理太大的输入而降低 performance。  RNN 的优势在于，它对时间序列非常有用，因为 RNN 中使用单独的单元进行处理，这使得能够很好地处理时间序列中的顺序。RNN 可以很好地处理序列中相互关联的信息，但是不能处理无法访问前面的信息的问题。  注意力机制更适合并行计算： Transformer ------  Transformer 是一款经典的神经网络模型，采用 Attention Mechanism 来处理输入序列。它通过将多个编码器组合在一起，以实现从本地到远端的转换。  但是，Transformer 的注意力机制更适合并行计算，因为：  1.  ** Attention Mechanism**: Transformer 采用的注意力机制可以有效地处理每个输入序列，以便于其对比和重叠。这种机制使得模型能够更好地理解长序列中的关系。 2.  ** Self-Attention 模型**: Transformer 使用 self-attention 模型，这是 Attention Mechanism 的一个特例。self-attention 模型允许输入序列之间的相互关联性，因此，Transformer 具有更高的信息可用度和处理能力。 3.  ** Parallel Computing**: Transformer 采用的计算机架构（如TensorFlow、PyTorch）是非常强大的，它可以轻松的完成大量并行计算。这种能力使得 Transformer 可以更好地处理大规模数据。  RNN -----  RNN 的注意力机制则不同，它采用的是单元机制来处理输入序列。这使得 RNN 只能有效地处理较短的时间序列，但它仍然可以很好地处理这些序列，因为每个输出序列都有一个相对稳定的起始值。  因此，Transformer 的注意力机制更适合并行计算，而 RNN 则不太适合并行计算。
Q19,以下是一个较长任务：请从系统架构角度解释微服务拆分原则、服务发现机制、配置中心设计、链路追踪、熔断降级策略、幂等控制和分布式事务处理，并总结你认为最关键的工程权衡。,3,qwen-0.5b,58.4757,74.0,44.5,微服务架构是一种新兴的系统设计理念，旨在通过将大型应用分解为独立的服务模块，以实现可扩展性、可测试性和可维护性。在微服务架构中，系统需要能够管理多个服务之间的通信和协调。为了保证每个服务都能与其他服务进行有效交互，我们需要设计一个可靠的系统架构来提供统一的接口，并使这些接口具有灵活性、可插拔性和可调试性。  以下是一个概括了微服务架构的各个方面的阐述：  1. **微服务拆分原则**：在微服务架构中，每一组的代码被定义为独立的服务模块。这意味着每个服务都有自己的业务逻辑和数据模型，而不需要与其他服务通信或共享数据。  2. **服务发现机制**：通过将所有的服务划分为一个个独立的服务单元，可以确保即使某个服务出现问题或者故障，也不会影响到整个系统的正常运行。同时，也可以保证各个服务之间的通信是互不影响的。在微服务架构中，服务间交互主要依靠服务间的接口来实现。  3. **配置中心设计**：一个完整的微服务架构需要能够管理和配置所有服务之间的数据和服务的健康状态。这可以通过一个分布式数据库或API来实现。此外，还可能使用各种工具和技术来确保各个组件之间准确、一致地同步信息。  4. **链路追踪**：在微服务架构中，每一个服务都需要与自己的外部伙伴（例如其他微服务）进行通信。这些链路的建立和管理是至关重要的，因为它们保证了不同服务之间的交互能够顺利地实现。  5. **熔断降级策略**：为了确保数据和服务的质量，在微服务架构中使用熔断降级机制可以提供一种即时的错误处理方式。当某个微服务出现问题时，它需要先暂停所有对该服务的数据操作，然后在一段时间后继续执行业务逻辑。这样，可以通过控制熔断点来限制服务性能下降的速度。  6. **幂等控制**：幂等性是指每个操作的结果都应该是唯一的、不可混淆的。这使得系统能够确保即使某个微服务出现问题或故障，也不会影响到整个系统的正常运行。通过使用幂等化，可以保证数据和服务的质量和一致性，从而提高系统响应能力。  7. **分布式事务处理**：分布式事务是一种将多个业务单元（例如订单、支付）作为一个整体进行操作的技术。在微服务架构中，每个微服务都需要在执行业务逻辑时保证自己和外部伙伴之间的协调一致。这可以通过使用事务来确保这些交易的独立性和一致性，并且可以减少由于各种原因导致的错误。  **最后，我认为最关键的工程权衡是：**  1. **灵活性和可扩展性**：要平衡好微服务架构中的每组服务之间的通信频率和范围。虽然每个服务都有自己的逻辑和数据模型，但它们之间需要有良好的交互机制来保证数据和服务的质量。 2. **一致性**：在设计分布式事务时，如何实现业务单元的独立性和一致性是关键。例如，如何确保在执行交易时，所有受影响的数据或状态都应该是唯一的、不可混淆的。  综上所述，微服务架构是一个复杂的系统，需要从多个方面进行设计和协调以保证系统的高效运行。
Q20,请编写一个包含插入、删除、查找操作的哈希表实现，并比较链地址法和开放寻址法的优缺点，同时解释在高负载因子下性能退化的原因。,3,llama-1b,180.0991,72.5,45.0,[受硬件过热限制，强制终止级联][模型调用异常] 调用模型 llama-1b 超时（180.10s）
