题号,输入Prompt,系统预估难度,真实难度标签,真实调用链路,最终总耗时,执行后电量,执行后温度,最终模型回复
Q01,请回复收到,1,1,[初始路由]qwen-0.5b -> qwen-0.5b,1.2408,99.9,34.5,您好！请问有什么可以帮助您的？
Q02,你好,1,1,[初始路由]qwen-0.5b -> qwen-0.5b,0.4109,99.8,34.05,你好！有什么可以帮助你的吗？
Q03,1+1等于几,1,1,[初始路由]qwen-0.5b -> qwen-0.5b,0.4324,99.7,33.64,1+1等于2。
Q04,中国的首都是哪里？,1,1,[初始路由]qwen-0.5b -> qwen-0.5b,2.3304,99.6,33.27,中国的首都北京位于中国华北平原中部，北纬36°27′，东经116°58′。  北京市是中国的省会和政治、文化、国际交往中心，也是中华人民共和国的首都，是国家的政治、经济、文化和科技中心，同时还是世界重要的交通枢纽城市。
Q05,一年有多少天？,1,1,[初始路由]qwen-0.5b -> qwen-0.5b,0.473,99.5,32.94,12个月有365天。
Q06,请简要介绍一下长城的历史意义,1,2,[初始路由]qwen-0.5b -> qwen-0.5b,7.6043,99.4,32.64,长城（又称万里长城）是中国古代修建的最长的一道城墙。它起源于西周，距今已有三千七百多年历史，是中华民族智慧和创造力的象征。它的出现改变了中国北方地区的地理格局、经济结构和社会面貌，并对世界产生了深远影响。  长城的历史意义包括：  1. 经济：长城在防御战争、军事斗争中发挥了重要作用，在经济方面带来了极大的好处。它使中国能够抵御外敌入侵，保护了国家的领土和主权安全，也为中国经济的发展提供了安全保障。 2. 政治：在中国封建社会时期，长城起到了缓冲、防御作用。其防御功能为中国的政治稳定提供了保障，并在一定程度上促进了社会稳定和经济发展。 3. 文化：长城见证了中国历史上的各种重大事件，成为研究中国历史的重要资料。它也是中华民族智慧的象征和文化的瑰宝。 4. 社会：长城是无数中华儿女心中的圣地，它的存在让无数中国人感到骄傲和自豪。  总的来说，长城是中国古代人民智慧与创造力的结晶，其历史意义深远而持久。
Q07,请将这句话翻译成英语：人工智能正在改变世界,2,2,[初始路由]llama-1b -> llama-1b,0.9547,99.1,33.72,Artificial intelligence is changing the world.
Q08,什么是操作系统，请用通俗语言总结,1,2,[初始路由]qwen-0.5b -> qwen-0.5b,2.4176,99.0,33.34,操作系统是计算机系统中的一个组件，负责协调和管理计算机的所有硬件资源，如处理器、内存、硬盘等。它帮助用户编写程序并运行它们，同时还能在用户离开计算机时停止程序的运行。操作系统还确保了软件可以高效地访问硬件，并且允许管理员管理和修改其操作系统的设置和功能。
Q09,请简述牛顿第一定律,1,2,[初始路由]qwen-0.5b -> qwen-0.5b,2.6109,98.9,33.0,1. 牛顿第三定律：作用力和反作用力是平衡的，即：一个物体对另一个物体的作用力与另一个物体对它的作用力大小相等、方向相反。  2. 重物的下落速度与重量成正比，在同一高度上，重物越重下落得越快。
Q10,请解释一下机器学习和深度学习的区别，并给出一个生活中的例子,3,2,[初始路由]qwen-1.5b -> qwen-1.5b,31.6428,98.2,36.76,"机器学习（Machine Learning, ML）和深度学习（Deep Learning, DL）是人工智能领域的两个重要分支，它们在实现智能方面有着各自的技术特点和应用场景。  ### 1. 机器学习  机器学习的核心在于通过大量数据训练模型来自动识别模式、预测结果或执行特定任务。它主要依赖于算法的优化和参数调整来提高其性能，但不涉及复杂的神经网络结构。机器学习可以分为监督学习、无监督学习和强化学习三类：  - **监督学习**：使用标记的数据集（如标签）进行训练。 - **无监督学习**：处理未标记数据或需要发现模式的情况，例如聚类分析。 - **强化学习**：通过与环境的互动来优化策略。  #### 生活中的例子 - 电商推荐系统利用机器学习算法分析用户行为和偏好，预测可能感兴趣的商品，从而提供个性化购物建议。这基于历史购买记录、浏览历史等数据进行训练。  ### 2. 深度学习  深度学习是机器学习的一个子集，特别专注于使用多层的神经网络模型（如卷积神经网络、循环神经网络和自编码器）来模拟生物大脑处理信息的方式。它的优势在于能够从大量复杂的数据中提取特征，并在图像识别、自然语言处理等领域取得突破性进展。  #### 生活中的例子 - 通过深度学习算法，计算机可以分析大量的图片数据以识别对象（如猫、狗等），这显著提高了自动分类和搜索宠物照片的能力。例如，在社交媒体上，AI可以根据图片内容进行标签标注或匹配相关的帖子。  ### 区别总结  虽然两者都是人工智能领域的关键技术，但它们在实现方式上有明显的区别： - **机器学习**侧重于训练算法模型来适应数据中的规律，而深度学习则专注于复杂多层的神经网络结构以提取和利用数据中深层的特征。 - 在应用方面，机器学习覆盖范围更广，可应用于多种任务类型；深度学习在图像识别、自然语言处理等领域表现尤为突出。  综上所述，虽然两者技术手段有所不同，但都能有效推动人工智能的发展，并广泛应用到日常生活的各个领域。"
Q11,为什么天空是蓝色的？请从光散射原理角度说明,3,3,[初始路由]qwen-1.5b -> qwen-1.5b,25.616,97.5,40.17,天空呈现为蓝色，主要是由于大气中的气体分子对太阳光线的散射作用。具体来说，我们可以从光的波长和大气中气溶胶粒子这两种因素来解释这一点。  1. **波长的特性**：    太阳光是由不同波长组成的混合光，其中蓝光和紫光比红光和橙光的波长长得多。这使得蓝色光线更容易散射到各个方向。  2. **散射现象**：    在大气中，空气中的气体分子（如氮气、氧气）以及悬浮在空中的微粒（如尘埃、水滴等）都会对太阳光进行散射。具体来说，这种散射主要发生在短波长的光（即蓝色和紫色光），因为它们的波长短。  3. **散射效果**：    蓝色和紫色光线的较长波长更容易被大气中的气体分子吸收并重新发射回其他方向。而这些重新发射出的大气气体分子又进一步将这些光线散射到各个方向，直到到达我们的眼球。因此，在白天时，太阳光通过大气层后所到达地球表面的主要是蓝色和紫色光线，所以我们看到的是蓝天。  4. **夜间情况**：    夜晚时，天空呈现为黑色或暗色调，因为此时没有太阳直接照射到我们的眼睛，所以看不到散射的蓝光和紫光。而地表上的物体在夜晚会反射一些光线（如月光、星光），这种反射光的颜色与大气中的成分有关。  综上所述，天空之所以呈蓝色是由于短波长的光（特别是蓝光和紫色光）被大气分子散射后，在地球表面各个方向上都重新反射，使得我们看到的是大量的蓝光。
Q12,请比较栈和队列的逻辑差异，并给出典型应用场景,3,3,[初始路由]qwen-1.5b -> qwen-1.5b,33.1023,96.8,43.25,当然！栈和队列都是计算机科学中的数据结构，它们在存储元素时都遵循特定的原则，但实现方式和应用场景有所不同。  ### 栈（Stack）  **定义与原理：** - 栈是一种只能在一端进行插入或删除操作的数据结构。这种特性使得栈具备了“后进先出”（LIFO）的性质。 - 典型的应用场景包括但不限于：   - 剪切和粘贴功能（在编辑器中）   - 编译器中的代码编排   - 算法实现，如深度优先搜索（DFS）  **典型操作：** 1. `push`: 将元素添加到栈顶。 2. `pop`: 从栈顶删除并返回一个元素。 3. `peek`: 返回栈顶元素而不移除它。  ### 队列（Queue）  **定义与原理：** - 队列是一种可以同时在两端进行插入和删除操作的数据结构。这种特性使得队列具备了“先进先出”（FIFO）的性质。 - 典型的应用场景包括但不限于：   - 网络通信中的数据包排队   - 操作系统的进程调度   - 学生信息管理系统中的学生成绩  **典型操作：** 1. `enqueue`: 将元素添加到队列尾部。 2. `dequeue`: 从队列头部移除并返回一个元素。 3. `peek`: 返回队列的头部元素而不移除它。  ### 性能差异 - **插入和删除操作的位置**：栈的操作通常在单端（即顶部或底部）执行，而队列的操作可在两端执行。 - **时间复杂度**：   - 在最坏情况下进行 `pop` 操作时，栈可能需要访问所有元素以确定顶点位置，这可能导致 O(n) 时间复杂度。相比之下，队列的 `dequeue` 操作通常是常数时间 O(1)。  ### 总结 - **栈**和**队列**的关键区别在于它们的数据操作位置和行为。 - 栈更适合需要“后进先出”（LIFO）的场景。 - 队列更适合需要“先进先出”（FIFO）的行为。
Q13,请解释一下 TCP 三次握手的过程和设计原因,3,3,[初始路由]qwen-1.5b -> qwen-1.5b,18.2869,96.1,46.04,TCP（传输控制协议）的三次握手过程是建立TCP连接时必需经历的一个步骤，目的是为了确保数据包在传输过程中不会丢失或损坏。这个过程是为了让两个TCP进程互相信任并确认对方的存在。以下是具体过程：  1. **第一次握手**：客户端发送一个SYN（同步标志）给服务器，并等待服务器的回复。 2. **第二次握手**：服务器收到第一个 SYN 后，确认客户端身份，并同时发送一个SYN-ACK（同步标记和确认）。这表明服务器同意建立连接。然后，服务器等待第二个 SYN 来完成这次通信连接。 3. **第三次握手**：客户端再次发送一个SYN 来完成连接。  在三次握手的过程中，每个端点都发送了一个TCP报文段来达成目标。这个过程设计的原因是： - 确保数据流的可靠性（防止重传或重复数据）。 - 提高网络效率，避免数据包丢失或损坏。 - 为其他应用提供一个可依赖的基础结构。  **三次握手示意图**  ```plaintext 客户端 -> Server (SYN) Server -> Client (ACK + SYN) Client -> Server (ACK) ```  这个过程使得客户端和服务器可以互相确认对方的身份，从而确保连接建立是可靠的。
Q14,请从算法复杂度角度，比较冒泡排序与快速排序,3,3,[初始路由]qwen-1.5b -> qwen-1.5b,38.8762,95.4,48.56,好的。首先，我们需要了解两种排序算法的基本原理和时间复杂度。  ### 冒泡排序  冒泡排序是一种简单的排序算法，它重复地遍历要排序的数列，一次比较相邻元素，如果它们的顺序错误就把它们交换过来。遍历数列的工作是重复地进行直到没有相邻元素需要交换，这意味着在这个处所，数组已经排序完成。  时间复杂度： - 最坏情况：O(n^2)，当输入为逆序时。 - 平均情况：O(n^2)。 - 最好情况：O(n)。只有当数组已经是有序的时才能达到这个结果。  ### 快速排序  快速排序是一种分而治之的排序算法，它采用分治法策略来把一个序列分为两个子序列，然后递归地对这两个子序列进行快速排序。  时间复杂度： - 最坏情况：O(n^2)，当每次选择的枢轴都正好是数组中最大的或最小的元素时。 - 平均情况：O(nlogn)。通常是使用分而治之的思想来达到这个结果，但是具体实现可能会受到一些因素影响。  ### 综合比较  1. **最坏情况时间复杂度**：    - 冒泡排序的时间复杂度为 O(n^2)，无论数组是有序的还是逆序的。    - 快速排序的时间复杂度为 O(nlogn)。平均情况下，快速排序通常优于冒泡排序。  2. **最好和平均情况时间复杂度**：    - 冒泡排序在最好的情况下（即输入完全有序）的时间复杂度是 O(n)，但最坏的情况下的效率不高。    - 快速排序的平均和最好情况下的时间复杂度都是 O(nlogn)，而且快速排序的性能相对稳定，不容易受初始数据的影响。  3. **空间复杂度**：    - 冒泡排序的空间复杂度为O(1)（原地排序），因为只需要一个临时变量进行交换。    - 快速排序的空间复杂度通常为O(log n)，因为它在递归调用时需要额外的栈空间。  4. **稳定性**：    - 冒泡排序是稳定的，即相等的元素在结果中的相对位置保持不变。    - 快速排序并不是稳定的，因为它可能将相同的关键字放在不同位置。  综上所述，对于大多数常见情况，快速排序通常比冒泡排序更优。特别是当输入数据不是完全有序时，快速排序可以提供显著的时间效率提升。然而，在最坏情况下（即初始数据为逆序），冒泡排序仍然能保持其性能优势。
Q15,请用Python写一个快速排序算法，并解释每一步的原理,3,3,[初始路由]qwen-1.5b -> qwen-1.5b -> [质量拦截:复读机输出] -> qwen-1.5b[妥协输出],39.7197,94.7,50.84,[妥协输出]好的，下面是一个用 Python 实现的快速排序算法。我将逐行解释代码中的每一部分：  ```python def quicksort(arr):     if len(arr) <= 1:         return arr     else:         pivot = arr[len(arr) // 2]         left = [x for x in arr if x < pivot]         middle = [x for x in arr if x == pivot]         right = [x for x in arr if x > pivot]         return quicksort(left) + middle + quicksort(right) ```  ### 代码解释：  1. **递归终止条件**：    ```python    if len(arr) <= 1:        return arr    ```    如果数组长度小于等于1，直接返回它本身。这是快速排序的一个基本前提：如果数组为空或者只有一个元素，那么它是有序的。  2. **选择基准元素（pivot）**：    ```python    pivot = arr[len(arr) // 2]    ```    在这个步骤中，我们选取数组中间位置的元素作为基准元素。这在快速排序中最重要的一环——确定基准元素是整个过程的关键。  3. **将数组分成三部分**：    ```python    left = [x for x in arr if x < pivot]    middle = [x for x in arr if x == pivot]    right = [x for x in arr if x > pivot]    ```    这里，我们使用列表推导式将数组分成三部分：    - `left` 包含所有小于基准元素的元素。    - `middle` 包含等于基准元素的所有元素。    - `right` 包含所有大于基准元素的元素。  4. **递归调用快速排序**：    ```python    return quicksort(left) + middle + quicksort(right)    ```    最后，将左半部分、基准部分和右半部分合并并返回。这再次应用了快速排序的思想：先分割数组，然后分别对每个子数组进行递归排序。  ### 总结：  这个快速排序算法的核心思想是通过选择一个基准元素（pivot），然后将数组分成三部分来实现排序。具体步骤包括： 1. 如果数组为空或只有一个元素，则它就是有序的。 2. 选取数组中间位置的元素作为基准元素。 3. 将数组分成三部分：小于基准、等于基准和大于基准的部分。 4. 对每一个子数组递归应用快速排序算法。  通过这种方法，我们可以将一个几乎随机的输入变成完全有序的状态。快速排序的时间复杂度平均情况下为 O(n log n)，但最坏情况下的时间复杂度是 O(n^2)。
Q16,请证明二分查找的时间复杂度是 O(log n)，并说明推导过程,3,3,[受限降级]跳过:qwen-1.5b -> [初始路由]llama-1b -> llama-1b,20.6424,94.4,50.19,二分查找算法的时间复杂度为 O(log n)。  步骤 1：首先，我们需要了解二分查找的基本操作。查找元素的某个位置时，用户通常提供一个关键值（K），然后我们需要找到最接近 K 的元素（T）。如果 T 等于 K，则元素已经位于正确的位置。如果 T > K，则要继续查找。但是，如果 T < K，则我们需要继续寻找。  步骤 2：当 T 是整数时，我们可以直接将 K 和 T 等同起来，因此可以找到 T 的值并将其作为下一个位置。这种情况下，查找的时间复杂度为 O(1)。  步骤 3：当 T 是整数但不等于 K 时，我们需要寻找最接近 T 的最大整数，即最接近 K but 不超过 T 的最大整数，即 T-1。在这种情况下，查找的时间复杂度变为 O(log n)。这是因为我们需要找到 T 的下一个位置，以便将其置于关键值中的下一个元素。  步骤 4：当 T 是非整数时，我们需要继续寻找该区域中最接近 T 的最大整数。在这种情况下，查找的时间复杂度变为 O(log n)。这是因为我们需要找到 T 的下一个位置，以便将其置于关键值中的下一个元素。  步骤 5：因此，当我们执行二分查找时，总的时间复杂度是 O(log n) + O(log n) = O(log n)，其中我们通过寻找最大非整数元素来简化该算法。
Q17,"请阅读下面代码并解释可能的问题：def foo(x):
    if x > 0:
        return x
    else:
        return None
然后说明如何改进异常处理逻辑",3,3,[受限降级]跳过:qwen-1.5b -> [初始路由]llama-1b -> llama-1b -> [质量拦截:复读机输出] -> [受限降级]无法升级:qwen-1.5b,24.6826,94.1,49.6,"[受硬件限制，无法继续升级]```python def foo(x):     """"""     Returns the square root of a positive number or None for non-positive numbers.      Args:         x (float): The input number.      Returns:         float: The square root of x if x > 0, otherwise None.     """"""     if x > 0:         return x ** 0.5     else:         return None  #测试代码 print(foo(16))  # 输出：4.0 print(foo(-3))  # Output：None ```  异常处理逻辑的改进：  ```python def foo(x):     """"""     Returns the square root of a positive number or None for non-positive numbers.      Args:         x (float): The input number.      Returns:         float: The square root of x if x > 0, otherwise None.     """"""     try:         if isinstance(x, (int, float)) and x >= 0:             return x ** 0.5         else:             raise ValueError(""Input must be a non-negative number"")     except Exception as e:         print(f""An error occurred: {e}"")         return None  #测试代码 print(foo(16))  # 输出：4.0 try:     print(foo(-3)) except ValueError as e:     print(e)  # Output：Input must be a non-negative number ```  在改进异常处理逻辑时，我添加了一些关键点：  1. **类型检查**:在使用 try-except bloek 中，需要使用 isinstance() 来检测 input 类型，这有助于优化异常处理。 2. **错误抛出**:当 exception 发生时，我们用 except 关注块捕捉并输出错误信息，然后恢复正常。 3. **安全性的增强**:增加 input 的检查可以帮助防止 NullPointerException，并提供更多的细致错误信息。  此改进代码也确保了程序能够在严格的条件下正确处理输入，避免错误。"
Q18,请比较 Transformer 和 RNN 在长序列建模上的优劣，并解释为什么注意力机制更适合并行计算,3,3,[受限降级]跳过:qwen-1.5b -> [初始路由]llama-1b -> llama-1b,16.2154,93.8,49.07,Transformer 和 RNN 都是用于长序列建模的神经网络 architectures，但它们在某些方面具有不同的优缺点。  Transformer 具有多种优势，包括：  *   能够处理大规模数据，Transformer 可以处理较大的长序列（通常认为是 512 或更大），而 RNN 则通常限于较小的序列。 *   Transformer 允许将输入数据分成 smaller 的块进行处理，因此可以更高效地处理较大数据集。 *   Transformer 支持 attention mechanism，能够从中间状态中捕捉到不同位置对应区域中的信息并将其融合到输出中，从而提高了对序列的整体理解能力。  RNN however：  *   允许在较小的序列上进行计算，而Transformer 不能。 *   RNN 有时会因为过载而失去学习能力，所以也可能不太适合一些较大的数据集。 *   RNN 需要使用多个循环层，导致其结构复杂性。  因此， Transformer 和 RNN 之间的主要区别在于它们如何处理长序列。Transformer 提供了一个更高效、更广泛适用并且有很多优势的能力，而 RNN 在某些情况下可能并不那么合适。
Q19,以下是一个较长任务：请从系统架构角度解释微服务拆分原则、服务发现机制、配置中心设计、链路追踪、熔断降级策略、幂等控制和分布式事务处理，并总结你认为最关键的工程权衡。,3,3,[初始路由]qwen-1.5b -> qwen-1.5b,33.8086,93.1,51.3,"**微服务拆分原则**  微服务拆分原则是指将大型应用或系统划分为多个小规模的独立单元，每个单元都具有明确的功能和服务能力。这样的设计使得整个系统更加灵活、可扩展、易于维护和调试，并且可以提高系统的响应速度。  **服务发现机制**  服务发现机制是一个分布式系统中用于查询其他服务实例地址的协议。例如，DNS（域名服务）就是一种实现服务发现的服务。当一个微服务需要与其他微服务通信时，可以通过服务名称找到对应的服务地址并发起请求。  **配置中心设计**  配置中心是提供全局统一配置管理的服务。在微服务架构中，每个服务都需要从配置中心获取配置信息，这样可以确保所有服务都能使用一致的配置信息，避免由于环境不同而导致的问题。  **链路追踪**  链路追踪技术可以帮助我们定位系统中的问题。通过记录请求和响应之间的关系，我们可以追踪请求经过的所有节点，并在出现问题时进行诊断。  **熔断降级策略**  熔断降级策略是一种针对微服务的异常处理机制，当一个微服务出现故障或者异常时，可以将其视为整体服务的""故障点""，从而避免整个系统崩溃。对于这种微服务的""故障点""，我们可以通过关闭其对外的服务、限流或者回滚等手段进行处理。  **幂等控制**  幂等控制是指对一些操作进行设计使得它们是幂等的。例如，在数据库中执行INSERT或者UPDATE操作时，如果这些操作没有错误，则无论它被重复执行几次，最后的结果都应该是相同的。这样可以避免由于重复执行导致的数据不一致问题。  **分布式事务处理**  分布式事务处理涉及多个微服务之间的协调工作。当一个微服务需要与其他微服务进行协调时，可以通过分布式事务处理来解决这个问题。比如，在支付系统中，如果要从银行账户扣款，则需要保证这个操作是原子的，即要么全部成功，要么全部失败。  **总结**  我认为最关键的工程权衡是在保证系统的灵活性、扩展性的同时尽量减少复杂度和维护成本。微服务架构虽然提供了极大的灵活性，但也增加了复杂的依赖关系和故障点数量。因此，在设计时应该充分考虑这些因素，并选择合适的方式来降低它们的影响。"
Q20,请编写一个包含插入、删除、查找操作的哈希表实现，并比较链地址法和开放寻址法的优缺点，同时解释在高负载因子下性能退化的原因。,3,3,[受限降级]跳过:qwen-1.5b -> [初始路由]llama-1b -> llama-1b -> [质量拦截:复读机输出] -> [受限降级]无法升级:qwen-1.5b,71.5406,92.8,50.61,"[受硬件限制，无法继续升级]### 1. 插入、删除、查找操作实现哈希表  ```python class HashTable:     def __init__(self, size):         self.size = size         self.table = [[] for _ in range(size)]      def insert(self, key, value):         index = hash(key) % self.size         self.table[index].append((key, value))      def delete(self, key):         index = hash(key) % self.size         if index == 0:             return None  # 模糊表明某个位置无效         elif self.table[index]:             for i, (k, v) in enumerate(self.table[index]):                 if k == key:                     del self.table[index][i]                     break             else:                 print(""key not found"")         return None      def search(self, key):         index = hash(key) % self.size         if index == 0:             return None  # 模糊表明某个位置无效         elif self.table[index]:             for i, (k, v) in enumerate(self.table[index]):                 if k == key:                     return {""key"": key, ""value"": v}             else:                 print(""key not found"")         return None      def display(self):         for index, row in enumerate(self.table):             print(index, ""->"", row)  # Usage hash_table = HashTable(10) hash_table.insert(5, ""Hello World"") hash_table.insert(15, ""This is a test"")  print(""Display:"") hash_table.display() print(hash_table.search(5))  # {""key"": 5, ""value"": ""Hello World""} print(hash_table.search(15))  # None ```  ### 2.链地址法和开放寻址法的优缺点  #### 链地址法（Linked Hash Table，LHT）：  优点：更快，但效率较低，因为需要在插入、删除、查找操作中对链表进行调整。  缺点：在高负载因子下，链长度会增加，并导致内存分配不当，从而出现性能退化。  #### 开放寻址法（Open Hash Table, OHT）：  优点：更快，因为只需要一次性检查表中的位置，而不需要调整链。  缺点：在高负载因子下，表的位置会随时间变异，不稳定，不适合大规模数据集的管理。  ### 3. 优选链地址法  因为链长度增加时，链地址法可能会出现性能退化，所以我们选择了开放寻址法作为哈希表的替代方案。  #### 代码示例：  ```python class HashTable:     def __init__(self, size):         self.size = size         self.table = [[] for _ in range(size)]      def insert(self, key, value):         index = hash(key) % self.size         if len(self.table[index]) < self.size // 2:  # 确保表长度足够大于使用率             self._resize(index)         self.table[index].append((key, value))      def delete(self, key):         index = hash(key) % self.size         old_list = self.table[index]         if old_list:             key_index = None             for i, (k, v) in enumerate(old_list):                 if k == key:                     key_index = i             # 模糊表示某个位置无效             if key_index is not None and index == 0:                 return None  # 模糊表明某个位置无效             elif len(self.table[index]) == self.size // 2:  # 碍查表长度是否足够大于使用率                 del old_list[key_index]         else:             print(""key not found"")         if index != 0 and len(self.table[index]) > self.size // 2:             self._resize(index)         return None      def search(self, key):         index = hash(key) % self.size         for i, (k, v) in enumerate(self.table[index]):             if k == key:                 return {""key"": key, ""value"": v}         else:             print(""key not found"")         return None      def _resize(self, index):         new_table = [[] for _ in range(self.size * 2)]         old_list = self.table[index]         while len(old_list) > self.size // 2:             i = old_list.pop()             new_table[i] = (key_index := i % self.size, value)         self.table = new_table      def display(self):         for index, row in enumerate(self.table):             print(index, ""->"", row)  # Usage hash_table = HashTable(10) hash_table.insert(5, ""Hello World"") hash_table.insert(15, ""This is a test"")  print(""Display:"") hash_table.display() print(hash_table.search(5))  # {""key"": 5, ""value"": ""Hello World""} print(hash_table.search(15))  # None ```  ### 高负载因子下性能退化的原因：  在链地址法和开放寻址法中，链长度会随时间变异，并导致内存分配不当，从而出现性能退化。  这种情况通常发生在高负载因子的情况下，因为大量插入、删除、查找操作需要对表中的位置进行调整，这会增加操作的时间 complexity。"
