题号,输入Prompt,初始路由链路,初始路由模型,系统预估难度,仲裁引擎,真实难度标签,真实调用链路,最终总耗时,执行后电量,执行后温度,最终模型回复
Q01,请回复收到,[初始路由]qwen-0.5b(score=45.00),qwen-0.5b,1,MLP,1,[初始路由]qwen-0.5b(score=45.00) -> [调用]qwen-0.5b -> [状态回写]qwen-0.5b|t=0.458s -> [质量通过],0.4575,100.0,33.23,当然可以，有什么我可以帮助的吗？
Q02,你好,[初始路由]qwen-0.5b(score=47.66),qwen-0.5b,1,MLP,1,[初始路由]qwen-0.5b(score=47.66) -> [调用]qwen-0.5b -> [状态回写]qwen-0.5b|t=0.478s -> [质量通过],0.4785,100.0,31.79,你好！有什么可以帮你的吗？
Q03,1+1等于几,[初始路由]qwen-0.5b(score=49.81),qwen-0.5b,1,MLP,1,[初始路由]qwen-0.5b(score=49.81) -> [调用]qwen-0.5b -> [状态回写]qwen-0.5b|t=0.410s -> [质量通过],0.4096,100.0,30.6,1+1=2
Q04,中国的首都是哪里？,[初始路由]qwen-0.5b(score=51.60),qwen-0.5b,1,MLP,1,[初始路由]qwen-0.5b(score=51.60) -> [调用]qwen-0.5b -> [状态回写]qwen-0.5b|t=4.358s -> [质量通过],4.3584,99.96,30.03,中国共有34个省级行政区，其中直辖市2座，自治区22座，盟市108座。所以中国的首都是北京。  北京市是中国最大的城市和政治、文化、经济中心之一，在中华人民共和国的地域范围内居第一位，并且是世界上人口最多的城市。北京市位于北纬39°38′～42°15′之间，东经116°39′～118°02′之间，位于太行山以西、燕山山脉以北、东北郊的平原地带。
Q05,一年有多少天？,[初始路由]qwen-0.5b(score=52.43),qwen-0.5b,1,MLP,1,[初始路由]qwen-0.5b(score=52.43) -> [调用]qwen-0.5b -> [状态回写]qwen-0.5b|t=0.442s -> [质量通过],0.4416,99.96,29.16,一年有365天。
Q06,请简要介绍一下长城的历史意义,[初始路由]llama-1b(score=53.74),llama-1b,2,RF,2,[初始路由]llama-1b(score=53.74) -> [调用]llama-1b -> [状态回写]llama-1b|t=2.086s -> [质量通过],2.0857,99.92,28.84,长城是中国古代北方防御结构，始建于春秋时期，为避免外来进攻而 constructs。
Q07,请将这句话翻译成英语：人工智能正在改变世界,[初始路由]llama-1b(score=54.19),llama-1b,2,RF,2,[初始路由]llama-1b(score=54.19) -> [调用]llama-1b -> [状态回写]llama-1b|t=1.052s -> [质量通过],1.052,99.9,28.36,Artificial Intelligence is changing the world.
Q08,什么是操作系统，请用通俗语言总结,[初始路由]llama-1b(score=54.90),llama-1b,2,RF,2,[初始路由]llama-1b(score=54.90) -> [调用]llama-1b -> [状态回写]llama-1b|t=3.673s -> [质量通过],3.6732,99.83,28.5,1. **计算机中的“主管”**：一个程序或应用。 2. **执行程序、命令和任务的“管家”**：处理输入，执行命令和任务，以便计算机的不同硬WARE（如CPU）能够完成指定任务。
Q09,请简述牛顿第一定律,[初始路由]llama-1b(score=54.65),llama-1b,2,MLP,2,[初始路由]llama-1b(score=54.65) -> [调用]llama-1b -> [状态回写]llama-1b|t=1.404s -> [质量通过],1.4039,99.8,28.15,牛顿第一定律：力与质量之间的关系为  F=ma
Q10,请解释一下机器学习和深度学习的区别，并给出一个生活中的例子,[初始路由]llama-1b(score=55.16),llama-1b,2,RF,2,[初始路由]llama-1b(score=55.16) -> [调用]llama-1b -> [状态回写]llama-1b|t=24.997s -> [质量通过],24.9973,99.3,32.69,1.  **机器学习**：这是一种可以通过经验学得的方法，来进行分类或回归分析的技术。它的主要特点是通过 supervised learning（根据已经 labeled数据进行的学习）和 unsupervised learning（没有被标记的数据进行的学习），来学习新的模式。 2.  **深度学习**：这是一个广泛应用于计算机科学领域的方法，通过重复的计算过程来学习新知识。它可以处理更大的数据量，并且对特定任务具有更高的精确性。      **生活中的例子**：下面是一些例子 illustrate了机器学习和深度学习在不同的场景中：  *   **机器学习**：如果你想预测一台机器的电池充电速度，可能需要建立一个模型来预测结果。通过使用数据集，你可以 trains your model to make accurate predictions. *   **深度学习**：要用你的 AI 来分析图像中的健康问题，例如检测病毒等，你需要使用CNN（ convolutional neural network）来处理图像信息。这种方法通过组合多个层级来处理不同类型的信息并且有助于预测目标值。      在第二个例子中，深度学习可以用作一个工具来分析图像中的健康问题。  **具体解决方案**：对于图像分类和病毒检测，使用CNN网络即可进行。以下是一个简单的解决方案：  1.  **数据集收集**：收集足够数量的图像和病毒标签。 2.  **训练**：使用 trained model training data（例如，TensorFlow或PyTorch）来建立一个 CNN模型。 3.  **评估**：用于评估模型的效果，通过使用 validation data（例如， ImageNet数据集）进行比较。      这种方法可以很好地帮助你学习和开发你的 AI 的能力。
Q11,为什么天空是蓝色的？请从光散射原理角度说明,[初始路由]qwen-1.5b(score=48.05),qwen-1.5b,3,RF,3,[初始路由]qwen-1.5b(score=48.05) -> [调用]qwen-1.5b -> [状态回写]qwen-1.5b|t=12.935s -> [质量通过],12.9345,98.78,36.59,太阳光入射地球大气层后，被大气中的气体和微粒（如氮、氧分子以及悬浮在空气中的尘埃、水滴等）散射。根据瑞利散射理论，在大气中波长较短的蓝光比红光更容易被散射，因此从地平线上升起来的太阳光显得偏蓝或为蓝色。当阳光穿透地球的大气层，到达我们的眼睛时，由于大量其他颜色光线已经被散射掉，剩下的是偏蓝的光，所以天空呈现蓝色。  此外，大气中还存在一些对波长较长的红、橙、黄等光有较强散射作用的粒子，因此在傍晚或黎明的时候太阳落下的时候，这些红色光被散射得更厉害，显得比天空其他颜色更暗淡，所以我们看到的天空也是偏红的。
Q12,请比较栈和队列的逻辑差异，并给出典型应用场景,[初始路由]qwen-1.5b(score=41.88),qwen-1.5b,3,RF,3,[初始路由]qwen-1.5b(score=41.88) -> [调用]qwen-1.5b -> [状态回写]qwen-1.5b|t=31.256s -> [质量通过],31.2555,97.53,47.29,栈（Stack）和队列（Queue）是两种基本的数据结构，它们在逻辑上有一些重要的区别。  ### 理论上的逻辑差异  1. **插入与删除**：    - **栈**：可以在任意位置进行元素的添加或删除。    - **队列**：只能从列表的前端（先进先出，FIFO）或者后端（后进先出，LIFO）进行插入和删除操作。  2. **顺序访问**：    - **栈**：只能通过最近插入的位置访问当前存储的元素。    - **队列**：可以通过任意位置的元素进行访问。  ### 典型应用场景  1. **栈的应用场景**：     - **网页浏览器历史记录**：浏览器通常会将URL、文档和图片等资源保留在用户的历史记录中，形成一种“倒车”方式。这种逻辑类似于栈，因为每个请求可以被独立处理并且按照输入顺序访问。        - **递归函数调用**：在实现递归算法时，通过使用栈来存储当前处于调用链上的所有参数和返回地址，以便能够顺利地恢复和执行之前的调用。  2. **队列的应用场景**：     - **消息服务器**：用于接收、处理并发送消息。例如，在一个网络系统中，每个消息都是以“先进先出”（FIFO）的方式进行的，即最早收到的消息被优先处理。        - **浏览器缓存**：用来存储网页加载时需要的数据或资源。在HTML5引入了IndexedDB后，浏览器使用队列来管理并跟踪已下载但未完全解析的页面，这些页面将在后台缓存中按顺序进行刷新。  ### 总结  虽然栈和队列都是数据结构，它们的区别在于插入与删除操作的位置限制以及如何访问元素。栈提供的是“倒车”式的访问方式，而队列则提供了一种线性且按时间顺序的访问模式。了解这些区别可以帮助开发者更好地选择合适的数据结构来解决特定的问题。
Q13,请解释一下 TCP 三次握手的过程和设计原因,[初始路由]qwen-1.5b(score=25.08),qwen-1.5b,3,RF,3,[初始路由]qwen-1.5b(score=25.08) -> [调用]qwen-1.5b -> [状态回写]qwen-1.5b|t=29.653s -> [质量通过],29.6529,96.34,55.38,TCP（传输控制协议）是互联网的基础协议之一，它负责在网络上传递数据包。在TCP的通信过程中，为了保证数据的可靠传输，需要进行三次握手以确保双方已正确初始化连接。  ### 第一次握手：  1. **发起方**：发送一个SYN（同步）标志位为1的数据包给对方。 2. **被请求方**：收到此包后，如果确认是正确的初始连接，则返回ACK（肯定确认）并同时设置其SYN位为1。这个过程表明双方已建立了一个初始的TCP连接。  ### 第二次握手：  3. **发起方**：再次发送一个SYN数据包，并将该包中的SYN标志位设为0。 4. **被请求方**：收到此包后，确认并设置其ACK位和SYN位都为1。这表示双方完成了初始化连接的协议层握手。  ### 第三次握手：  5. **发起方**：发送一个ACK数据包来完成第三次握手，并将ACK标志位设为1。 6. **被请求方**：收到此包后，确认并设置其ACK位和SYN位都为1。这表示双方完成了完整的连接。  ### 三次握手的设计原因：  - 确保连接的一致性和同步性：通过三次握手过程确保两台设备正确地初始化连接的各个步骤。 - 防止数据包丢失或重复传输：如果在第一次握手中，发起方没有收到SYN确认报文，则会重传该包。同样，被请求方发送的ACK包中的SYN位可以用来通知发起方，这表明对方已经接收并处理了前一个包。 - 保证双方都已准备好接收数据流：通过三次握手确保客户端和服务器已经完成初始化连接的过程。  总结来说，TCP 的三次握手协议是一个安全机制，它确保所有参与者在进行数据通信之前都已经做好了相关准备工作，并且没有发生任何错误或冲突。
Q14,请从算法复杂度角度，比较冒泡排序与快速排序,[初始路由]llama-1b(score=12.23),llama-1b,3,RF,3,"[受限降级]score=12.23,跳过:qwen-1.5b -> [初始路由]llama-1b(score=12.23) -> [调用]llama-1b -> [状态回写]llama-1b|t=29.721s -> [质量通过]",29.7215,95.75,55.95,"### 1. 最多多少次迭代过程？  -   **冒泡排序（Bubble Sort）**: 每次迁动过程中，需要 `n - 1` 次迭代，总共 `O(n^2)` 次迭代过程。因为每个迭动都需要一次比较和 swap。 -   **快速排序（QuickSort）**：快速排序通常使用一个分离点来将数据分割成不相等的子集，然后再次对该子集中进行更高级别的排序，总共 `O(n log n)` 次迭代过程。  ### 2. 平均时间复杂度  -   **冒泡排序（Bubble Sort）**：平均时间复杂度为 `O(n^2)`,也就是说它取决于数据的数量和顺序。 -   **快速排序（QuickSort）**：平均时间复杂度也是 `O(n log n)`，因为在最好的情况下，该算法使用了内置的快排算法。这种算法可以通过选择一个分离点来进一步优化性能。  ### 3. 最小概率异常（EPB）  -   **冒泡排序（Bubble Sort）**: 在 worst-case情况下，需要 `O(n^2)` 次迭代过程，这意味着它的 EPB值非常高，因为有 `n` 个位置可以发生最坏的情况。 -   **快速排序（QuickSort）**：在 worst-case情况下，需要 `O(n log n)` 次迭代过程。这使得它的 EPB值也很高。  ### 综上所述：  -   **冒泡排序**是一个不安全、低效的算法，对于数据序列中所有数据相等的情况而言，它的时间和空间复杂度较高，EPB值更高。 -   **快速排序（QuickSort）**是一种更为安全、更高效的算法，有时它的时间复杂度可以被假设为 `O(n log n)`，尽管在最好的情况下可能需要更低估计。EPB值也较低。  综上所述，对于大多数应用场景，快速排序通常是首选，因为它具有更高效、安全和稳定的特性。"
Q15,请用Python写一个快速排序算法，并解释每一步的原理,[初始路由]llama-1b(score=11.02),llama-1b,3,RF,3,"[受限降级]score=11.02,跳过:qwen-1.5b -> [初始路由]llama-1b(score=11.02) -> [调用]llama-1b -> [状态回写]llama-1b|t=30.736s -> [质量通过]",30.7359,95.14,56.63,"```python def quicksort(arr):     """"""    快速排序算法。          :param arr: 传入数组,需升序排列     :type arr: list     :return: 排序后的列表     :rtype: list     """"""     if len(arr) <= 1:         return arr     pivot = arr[len(arr) // 2]     left = [x for x in arr if x < pivot] + [-x for x in arr if x > pivot]     middle = [x for x in arr if x == pivot]     right = [x for x in arr if x > pivot] + [-x for x in arr if x <= pivot]     return quicksort(left) + middle + quicksort(right)   # 测试函数 if __name__ == ""__main__"":     # 生成一个有序的数组 (假设输入值)     arr = [3,1,5,2,8]          #print(""原始数据:"",arr)          # 排列后数据     print(""排序结果："")     print(quicksort(arr)) ```  **快速排序原理:**  1.  **选择基准点 (pivot):** 在已有序的数组中，选择一个元素作为中间值。这会成为下一步排列的关键。这种方法称为“首项定位法”或“分离法”，因为我们选择的是一个“首项”或者中间项。 2.  **分区 (left, middle, right):** 根据基准点，将数组分成三个部分：左边（小于pivot）、中间（等于pivot）和右边（大于pivot）。这三个区域代表了下一次排序的过程，分别对应到下一个序列中。 3.  **重复该过程:** 分别在每个区域内进行排序，这样我们会得到最终结果。 4.  **结束循环:** 请注意，上述步骤中的每一步都会结束，因为有序数组已经被分成。  **时间和空间 complexity:**  -   最好的时间复杂度是 O(n log n)，这是因为在每一轮重排过程中，我们仅需要进行三次比较。 -   最好的空间复杂度是 O(log n)，因为我们只需要存储一个中间值作为分区的基准点。"
Q16,请证明二分查找的时间复杂度是 O(log n)，并说明推导过程,[初始路由]llama-1b(score=9.64),llama-1b,3,RF,3,"[受限降级]score=9.64,跳过:qwen-1.5b -> [初始路由]llama-1b(score=9.64) -> [调用]llama-1b -> [状态回写]llama-1b|t=15.437s -> [质量通过]",15.4372,94.83,54.05,二分查找的时间复杂度为 O(log n)。  1. 首先，需要找到中间元素的下位标志（LIS）或上位标志（SLI）。在最短序列中，要么 LSI = 0，要么 SLI = 0。这个过程占用 O(1)时间，因为可以直接通过比较两个中间元素来确定中位数。 2. 在这种情况下，我们需要找到最小的 LIS 或最大的 SLI。由于中间两个数字之间存在一定的不同，这些不同的变化会导致新 LSI 或新 SLI 的出现。此外，由于序列的长度是 O(log n)，因此中间元素也可以通过二分查找来找到。 3. 在这种情况下，我们需要在两条路径上进行二进制查找：从左起，右起。由于我们有 O(1) 的时间复杂度的第一步，可以确定 LSI，第二步，我们可以确定 SLI。  因此，二分查找算法的总时间复杂度为O(log n)，因为在最短序列中，我们需要通过两条路径进行二进制查找：从左起，右起。
Q17,"请阅读下面代码并解释可能的问题：def foo(x):
    if x > 0:
        return x
    else:
        return None
然后说明如何改进异常处理逻辑",[初始路由]llama-1b(score=13.32),llama-1b,3,RF,3,"[受限降级]score=13.32,跳过:qwen-1.5b -> [初始路由]llama-1b(score=13.32) -> [调用]llama-1b -> [状态回写]llama-1b|t=24.635s -> [质量通过]",24.6348,94.34,53.83,"```python def foo(x):     if True:  # 无论条件表达式，直接return后x的值将作为结果         return x     else:         return None ```  **可能的问题：**  1. 无论条件表达式 `True` 会使函数短暂，返回值将随时间点变化。 2. 如果函数未定义，仍然会 throw `NameError`,而不是异常抛出。  **改进异常处理逻辑：**  ```python def foo(x):     """"""     语句表达式、条件表达式、if-else 结构和 for 循环的基本使用说明。          :param x: 一个变量。     :return: return 值或 None。     """"""     try:         # 无论条件表达式，直接返回后x的值将作为结果         return x     except Exception as e:  # 抗抛出异常并记录错误信息         print(f""Exception：{e}"")         return None  # 使用 try-except-catch 的方式进行多种类型的错误 foo(""123"")   # 无问题 foo(0)       # 无条件表达式,直接返回 foo(1.2e-16)  # Exception: invalid literal for float()  ```  **更改异常抛出逻辑**  1. `try-except` block：使用 `try` 和 `except` 关注点，捕捉所有类型的异常。 2. `try` 和 `except` 错误值覆盖：在 catch 下覆盖所有可能的错误值。  **更改异常抛出逻辑**  1. 使用 try-except-catch 的方式进行多种类型的错误 2. 抗抛出异常并记录错误信息 3. 优先考虑捕获所有可能的错误值"
Q18,请比较 Transformer 和 RNN 在长序列建模上的优劣，并解释为什么注意力机制更适合并行计算,[初始路由]llama-1b(score=13.36),llama-1b,3,RF,3,"[受限降级]score=13.36,跳过:qwen-1.5b -> [初始路由]llama-1b(score=13.36) -> [调用]llama-1b -> [状态回写]llama-1b|t=30.307s -> [质量通过]",30.3072,93.73,54.81,Transformer 和 RNN 都是深度学习模型用于处理序列数据的技术，但它们在特定方面有显著的差异。下面对比 Transformer 和 RNN 在长序列建模上的优劣：  **Transformer**  1.  **速度快**: Transformer 是最快速的计算机语言类型模型，特别是当涉及很大的序列数据集时。其运算能力高于 RNN。 2.  **神经复杂度**: Transformer 模型的复杂程度远高于 RNN，因为它使用了多元化多项式（TVM）的计算机语言类型模型，能够更快地执行复杂计算。 3.  **注意力机制更灵活**: Transformer 支持两种注意力机制：动态注意（Query-Attention）和静态注意（Key-Value Attention）。这使得它能够处理更为灵活的序列数据。  **RNN**  1.  **速度慢**: RNN 的计算机语言类型模型相比于 Transformer 模型速度慢，这是因为 RNN 的神经结构通常需要更多时间来训练和运行。 2.  **复杂度较低**: RNN 是一种传统的基于时间序列的模型，尽管它对于某些任务（如预测随机变量）来说可以很好，但其计算机语言类型模型相对较低。 3.  **注意力机制不灵活**: RNN 没有动态注意（Query-Attention）和静态注意（Key-Value Attention）的支持，后者使得 Transformer 更适合用于多项式的序列数据。  **为什么注意力机制更适合并行计算**  Transformer 的注意力机制更适合并行计算，因为它能直接处理更高维度的序列数据。RNN 的注意力机制则需要通过将时间顺序分成 smaller chunk，然后计算它们之间的关系。这使得 RNN 对于一些特定任务（如预测随机变量）来说可能更有效，但对于大规模序列数据，Transformer 是更好的选择。  综上所述，Transformer 的优点在于其速度快、神经复杂度高、注意力机制灵活性。因此，它们是理想的选择สำหร大量用于自然语言处理或数据分析应用程序中的工作。
Q19,以下是一个较长任务：请从系统架构角度解释微服务拆分原则、服务发现机制、配置中心设计、链路追踪、熔断降级策略、幂等控制和分布式事务处理，并总结你认为最关键的工程权衡。,[初始路由]llama-1b(score=11.52),llama-1b,3,RF,3,"[受限降级]score=11.52,跳过:qwen-1.5b -> [初始路由]llama-1b(score=11.52) -> [调用]llama-1b -> [状态回写]llama-1b|t=51.384s -> [质量通过]",51.3835,92.7,59.93,1.  **微服务拆分原则**：微services是一种解耊设计的思想，允许应用程序被分成多个小型服务，每个服务负责一个独立的功能。它使得应用程序变得更强大、面向客观需求且更加适应性。  2.  **服务发现机制**：服务发现是指应用程序在运行时自动定位到另一个服务的位置。如果应用程序需要通过另一个服务来完成某项功能，服务发现机制是帮助应用程序找到此服务并将其所需的资源发送给它的。最常见的服务发现机制包括DNS、负载均衡器和 ServiceMesh等。  3.  **配置中心设计**：配置中心是一种集中数据存储的设计原则，允许数据在多个应用程序中共享且易于维护。它可以通过多种方法进行配置，如服务发现、负荷均衡器或分布式数据-store来实现。比如，Apache ZooKeeper是常用的分布式配置中心，提供服务分离和负载等功能。  4.  **链路追踪**：链路追踪是一种用来分析应用程序的路径以及哪些服务之间有多少服务之间的通道，帮助我们了解应用程序的运行路径。这是为了提高应用程序的可用性、稳定性和安全性。最常见的是使用WebSockets和MQTT（Message Queue Telemetry Transport）的工具来实现链路追踪。  5.  **熔断降级策略**：熔断是指当一个服务发生问题时，其他服务可以通过自我保护机制（如在负载均衡器或其他组件中发现其故障）恢复正常运作。降级策略允许当一个 service 处理能力下降时，会将其被转移给另一个service，以确保整个应用程序的稳定性和可用性。  6.  **幂等控制**：指在分布式环境中，一部分服务是共享的，它们可以根据特定的指标（如可用性、响应时间等）决定哪一部分要被使用并哪部分应该是“不可用的”或“降级”。这有助于减少资源的浪费和保证应用程序的可靠性。  7.  **分布式事务处理**：分布式事务处理是一种让多个服务在分布式环境中共享和使用的事务管理。它可以帮助解决单元不安全问题，提高应用程序的整体稳定性和可用性。  8.  **工程权衡**：     *   **优点**：更高的可用性、降低应用程序的复杂度和成本，以及在多个服务之间进行互动。     *   **缺点**：更多的故障发生风险，数据中心和基础设施的管理更加复杂。      *   **难度**：需要通过分布式事务处理来解决每个服务的独立责任的问题，并且需要进行持续地维护和监控服务的状态，以确保应用程序的可用性和稳定性。  总的来说，微服务拆分原则提供了更高的可用性和降低故障风险，但也增加了数据中心管理的复杂性。分布式事务处理可以实现多个服务之间的互动并确保应用程序的整体稳定性。配置中心设计可以帮助我们了解应用程序的路径，并提高其可用性。最关键的是，工程权衡需要仔细考虑每个服务的独立责任问题以及应用程序的可用性和稳定性的需求，以做出恰当的选择。
Q20,请编写一个包含插入、删除、查找操作的哈希表实现，并比较链地址法和开放寻址法的优缺点，同时解释在高负载因子下性能退化的原因。,[初始路由]llama-1b(score=3.23),llama-1b,3,RF,3,"[受限降级]score=3.23,跳过:qwen-1.5b -> [初始路由]llama-1b(score=3.23) -> [调用]llama-1b -> [状态回写]llama-1b|t=78.900s -> llama-1b [质量拦截:复读机输出] -> [受限/妥协]score=-19.50,无法升级到:qwen-1.5b -> [云端兜底卸载] -> Cloud-API [成功]",80.0998,91.12,69.74,这是由云端大模型 API 生成的高质量兜底回答。
